epoch,time,train/box_loss,train/cls_loss,train/dfl_loss,metrics/precision(B),metrics/recall(B),metrics/mAP50(B),metrics/mAP50-95(B),val/box_loss,val/cls_loss,val/dfl_loss,lr/pg0,lr/pg1,lr/pg2
1,446.322,1.34789,2.73369,0.96059,0.93626,0.46295,0.70344,0.49741,1.23699,2.10949,0.91802,0.00333127,0.00333127,0.0700185
2,1276.29,1.33546,2.41865,0.93947,0.92351,0.44728,0.68579,0.48032,1.25159,2.14879,0.9202,0.00659863,0.00659863,0.0399526
3,1769,1.38391,2.53138,0.95315,0.89931,0.3874,0.64419,0.45208,1.30127,2.31421,0.93825,0.00979998,0.00979998,0.00982058
